Workbook

Sheet Raw Mill
A1: Time | B1: FEED RATE | F1: CHEMICAL ANALYSIS (%) | O1: MODULIE | R1: Residue 90 µ (%) | S1: Silo # | T1: Remarks
B2: Lst | C2: Clay | D2: Kaoline | E2: I.Ore | F2: SiO2 | G2: Al2O3 | H2: Fe2O3 | I2: CaO | J2: MgO | K2: SO3 | L2: Na2O | M2: K2O | N2: CL | O2: LSF | P2: SM | Q2: AM
A3: Target | J3: 2.70 Max | K3: 0.35 Max | O3: 94.50 + 0.50 | P3: 2.30 + 0.05 | Q3: 1.35 + 0.05 | R3: 12.00 Max
A4: 0.041666667 | B4: =IF(C4="","",100-(C4+D4+E4)) -> 87.5 | C4: 12.1 | D4: 0.4 | E4: 0 | F4: 13.37 | G4: 3.39 | H4: 2.58 | I4: 40.77 | J4: 2.74 | K4: 0.13 | L4: 0.08 | M4: 0.32 | N4: 0.05 | O4: =IF(F4="","",100*I4/(2.8*F4+1.18*G4+0.65*H4)) -> 94.565006 | P4: =IF(F4="","",F4/(G4+H4)) -> 2.239531 | Q4: =IF(G4="","",G4/H4) -> 1.3139535 | S4: 1
A5: 0.083333333 | B5: =IF(C5="","",100-(C5+D5+E5)) -> 87.5 | C5: 12.1 | D5: 0.4 | E5: 0 | F5: 13.3 | G5: 3.36 | H5: 2.56 | I5: 40.78 | J5: 2.71 | K5: 0.09 | L5: 0.08 | M5: 0.31 | N5: 0.05 | O5: =IF(F5="","",100*I5/(2.8*F5+1.18*G5+0.65*H5)) -> 95.127459 | P5: =IF(F5="","",F5/(G5+H5)) -> 2.2466216 | Q5: =IF(G5="","",G5/H5) -> 1.3125 | R5: 9.56 | S5: 1
A6: 0.125 | B6: =IF(C6="","",100-(C6+D6+E6)) -> 87.5 | C6: 12.1 | D6: 0.4 | E6: 0 | F6: 13.59 | G6: 3.4 | H6: 2.57 | I6: 40.76 | J6: 2.74 | K6: 0.13 | L6: 0.08 | M6: 0.32 | N6: 0.05 | O6: =IF(F6="","",100*I6/(2.8*F6+1.18*G6+0.65*H6)) -> 93.198733 | P6: =IF(F6="","",F6/(G6+H6)) -> 2.2763819 | Q6: =IF(G6="","",G6/H6) -> 1.3229572 | S6: 1
A7: 0.16666667 | B7: =IF(C7="","",100-(C7+D7+E7)) -> 87.5 | C7: 12.1 | D7: 0.4 | E7: 0 | F7: 13.27 | G7: 3.38 | H7: 2.59 | I7: 40.65 | J7: 2.7 | K7: 0.09 | L7: 0.08 | M7: 0.31 | N7: 0.05 | O7: =IF(F7="","",100*I7/(2.8*F7+1.18*G7+0.65*H7)) -> 94.914764 | P7: =IF(F7="","",F7/(G7+H7)) -> 2.2227806 | Q7: =IF(G7="","",G7/H7) -> 1.3050193 | R7: 10.44 | S7: 2
A8: 0.20833333 | B8: =IF(C8="","",100-(C8+D8+E8)) -> 87.5 | C8: 12.1 | D8: 0.4 | E8: 0 | F8: 13.5 | G8: 3.46 | H8: 2.57 | I8: 40.74 | J8: 2.74 | K8: 0.1 | L8: 0.08 | M8: 0.32 | N8: 0.05 | O8: =IF(F8="","",100*I8/(2.8*F8+1.18*G8+0.65*H8)) -> 93.540558 | P8: =IF(F8="","",F8/(G8+H8)) -> 2.238806 | Q8: =IF(G8="","",G8/H8) -> 1.3463035 | S8: 2
A9: 0.25 | B9: =IF(C9="","",100-(C9+D9+E9)) -> 87.6 | C9: 12 | D9: 0.4 | E9: 0 | F9: 13.6 | G9: 3.46 | H9: 2.61 | I9: 40.49 | J9: 2.63 | K9: 0.1 | L9: 0.08 | M9: 0.33 | N9: 0.05 | O9: =IF(F9="","",100*I9/(2.8*F9+1.18*G9+0.65*H9)) -> 92.317935 | P9: =IF(F9="","",F9/(G9+H9)) -> 2.2405272 | Q9: =IF(G9="","",G9/H9) -> 1.3256705 | R9: 10.26 | S9: 2
A10: 0.29166667 | B10: =IF(C10="","",100-(C10+D10+E10)) -> 87.9 | C10: 11.7 | D10: 0.4 | E10: 0 | F10: 13.37 | G10: 3.41 | H10: 2.58 | I10: 40.69 | J10: 2.7 | K10: 0.1 | L10: 0.08 | M10: 0.33 | N10: 0.05 | O10: =IF(F10="","",100*I10/(2.8*F10+1.18*G10+0.65*H10)) -> 94.327813 | P10: =IF(F10="","",F10/(G10+H10)) -> 2.2320534 | Q10: =IF(G10="","",G10/H10) -> 1.3217054 | S10: 1
A11: 0.33333333 | B11: =IF(C11="","",100-(C11+D11+E11)) -> 87.9 | C11: 11.7 | D11: 0.4 | E11: 0 | F11: 13.11 | G11: 3.37 | H11: 2.55 | I11: 40.67 | J11: 2.65 | K11: 0.09 | L11: 0.08 | M11: 0.31 | N11: 0.05 | O11: =IF(F11="","",100*I11/(2.8*F11+1.18*G11+0.65*H11)) -> 96.050975 | P11: =IF(F11="","",F11/(G11+H11)) -> 2.214527 | Q11: =IF(G11="","",G11/H11) -> 1.3215686 | R11: 9.55 | S11: 2
A12: 0.375 | B12: =IF(C12="","",100-(C12+D12+E12)) -> 87.9 | C12: 11.7 | D12: 0.4 | E12: 0 | F12: 13.21 | G12: 3.39 | H12: 2.49 | I12: 40.82 | J12: 2.78 | K12: 0.09 | L12: 0.08 | M12: 0.31 | N12: 0.05 | O12: =IF(F12="","",100*I12/(2.8*F12+1.18*G12+0.65*H12)) -> 95.806528 | P12: =IF(F12="","",F12/(G12+H12)) -> 2.2465986 | Q12: =IF(G12="","",G12/H12) -> 1.3614458 | S12: 2
A13: 0.41666667 | B13: =IF(C13="","",100-(C13+D13+E13)) -> 87.9 | C13: 11.7 | D13: 0.4 | E13: 0 | F13: 13.1 | G13: 3.2 | H13: 2.42 | I13: 41.04 | J13: 2.77 | K13: 0.14 | L13: 0.08 | M13: 0.28 | N13: 0.05 | O13: =IF(F13="","",100*I13/(2.8*F13+1.18*G13+0.65*H13)) -> 97.646863 | P13: =IF(F13="","",F13/(G13+H13)) -> 2.3309609 | Q13: =IF(G13="","",G13/H13) -> 1.322314 | R13: 8.23 | S13: 1
A14: 0.45833333 | B14: =IF(C14="","",100-(C14+D14+E14)) -> 87.5 | C14: 11.7 | D14: 0.8 | E14: 0 | O14: =IF(F14="","",100*I14/(2.8*F14+1.18*G14+0.65*H14)) | P14: =IF(F14="","",F14/(G14+H14)) | Q14: =IF(G14="","",G14/H14)
A15: 0.5 | B15: =IF(C15="","",100-(C15+D15+E15)) -> 87.5 | C15: 11.7 | D15: 0.8 | E15: 0 | F15: 13.91 | G15: 3.25 | H15: 2.26 | I15: 40.52 | J15: 2.68 | K15: 0.17 | L15: 0.08 | M15: 0.32 | N15: 0.06 | O15: =IF(F15="","",100*I15/(2.8*F15+1.18*G15+0.65*H15)) -> 91.566483 | P15: =IF(F15="","",F15/(G15+H15)) -> 2.5245009 | Q15: =IF(G15="","",G15/H15) -> 1.4380531 | R15: 9.3 | S15: 1
A16: 0.54166667 | B16: =IF(C16="","",100-(C16+D16+E16)) -> 89.2 | C16: 9.5 | D16: 1 | E16: 0.3 | F16: 13.27 | G16: 3.1 | H16: 2.24 | I16: 40.87 | J16: 2.8 | K16: 0.16 | L16: 0.08 | M16: 0.32 | N16: 0.06 | O16: =IF(F16="","",100*I16/(2.8*F16+1.18*G16+0.65*H16)) -> 96.687958 | P16: =IF(F16="","",F16/(G16+H16)) -> 2.4850187 | Q16: =IF(G16="","",G16/H16) -> 1.3839286 | S16: 2
A17: 0.58333333 | B17: =IF(C17="","",100-(C17+D17+E17)) -> 89 | C17: 9 | D17: 1.5 | E17: 0.5 | F17: 13.25 | G17: 3.12 | H17: 2.25 | I17: 40.75 | J17: 2.78 | K17: 0.16 | L17: 0.08 | M17: 0.31 | N17: 0.06 | O17: =IF(F17="","",100*I17/(2.8*F17+1.18*G17+0.65*H17)) -> 96.463175 | P17: =IF(F17="","",F17/(G17+H17)) -> 2.4674115 | Q17: =IF(G17="","",G17/H17) -> 1.3866667 | R17: 9.43 | S17: 2
A18: 0.625 | B18: =IF(C18="","",100-(C18+D18+E18)) -> 89 | C18: 9 | D18: 1.5 | E18: 0.5 | F18: 13.3 | G18: 3.18 | H18: 2.28 | I18: 41.07 | J18: 2.9 | K18: 0.19 | L18: 0.08 | M18: 0.31 | N18: 0.06 | O18: =IF(F18="","",100*I18/(2.8*F18+1.18*G18+0.65*H18)) -> 96.693538 | P18: =IF(F18="","",F18/(G18+H18)) -> 2.4358974 | Q18: =IF(G18="","",G18/H18) -> 1.3947368 | S18: 2
A19: 0.66666667 | B19: =IF(C19="","",100-(C19+D19+E19)) -> 88.2 | C19: 9 | D19: 2 | E19: 0.8 | F19: 13.17 | G19: 3.2 | H19: 2.35 | I19: 40.84 | J19: 2.79 | K19: 0.17 | L19: 0.08 | M19: 0.31 | N19: 0.06 | O19: =IF(F19="","",100*I19/(2.8*F19+1.18*G19+0.65*H19)) -> 96.824287 | P19: =IF(F19="","",F19/(G19+H19)) -> 2.372973 | Q19: =IF(G19="","",G19/H19) -> 1.3617021 | R19: 11.5 | S19: 2
A20: 0.70833333 | B20: =IF(C20="","",100-(C20+D20+E20)) -> 87.9 | C20: 9 | D20: 2 | E20: 1.1 | F20: 13.66 | G20: 3.29 | H20: 2.51 | I20: 40.57 | J20: 2.84 | K20: 0.19 | L20: 0.09 | M20: 0.31 | N20: 0.06 | O20: =IF(F20="","",100*I20/(2.8*F20+1.18*G20+0.65*H20)) -> 92.706636 | P20: =IF(F20="","",F20/(G20+H20)) -> 2.3551724 | Q20: =IF(G20="","",G20/H20) -> 1.310757 | S20: 1
A21: 0.75 | B21: =IF(C21="","",100-(C21+D21+E21)) -> 87.9 | C21: 9 | D21: 2 | E21: 1.1 | F21: 13.47 | G21: 3.29 | H21: 2.51 | I21: 40.69 | J21: 2.85 | K21: 0.19 | L21: 0.08 | M21: 0.3 | N21: 0.06 | O21: =IF(F21="","",100*I21/(2.8*F21+1.18*G21+0.65*H21)) -> 94.125104 | P21: =IF(F21="","",F21/(G21+H21)) -> 2.3224138 | Q21: =IF(G21="","",G21/H21) -> 1.310757 | R21: 11.23 | S21: 1
A22: 0.79166667 | B22: =IF(C22="","",100-(C22+D22+E22)) -> 87.9 | C22: 9 | D22: 2 | E22: 1.1 | F22: 13.47 | G22: 3.3 | H22: 2.56 | I22: 40.7 | J22: 2.8 | K22: 0.18 | L22: 0.09 | M22: 0.3 | N22: 0.06 | O22: =IF(F22="","",100*I22/(2.8*F22+1.18*G22+0.65*H22)) -> 94.051856 | P22: =IF(F22="","",F22/(G22+H22)) -> 2.2986348 | Q22: =IF(G22="","",G22/H22) -> 1.2890625 | S22: 2
A23: 0.83333333 | B23: =IF(C23="","",100-(C23+D23+E23)) -> 87.9 | C23: 9 | D23: 2 | E23: 1.1 | F23: 13.73 | G23: 3.31 | H23: 2.52 | I23: 40.6 | J23: 2.86 | K23: 0.18 | L23: 0.08 | M23: 0.3 | N23: 0.06 | O23: =IF(F23="","",100*I23/(2.8*F23+1.18*G23+0.65*H23)) -> 92.298319 | P23: =IF(F23="","",F23/(G23+H23)) -> 2.35506 | Q23: =IF(G23="","",G23/H23) -> 1.3134921 | R23: 11.74 | S23: 2
A24: 0.875 | B24: =IF(C24="","",100-(C24+D24+E24)) -> 87.9 | C24: 9 | D24: 2 | E24: 1.1 | F24: 13.56 | G24: 3.32 | H24: 2.57 | I24: 40.67 | J24: 2.85 | K24: 0.17 | L24: 0.09 | M24: 0.3 | N24: 0.06 | O24: =IF(F24="","",100*I24/(2.8*F24+1.18*G24+0.65*H24)) -> 93.373833 | P24: =IF(F24="","",F24/(G24+H24)) -> 2.3022071 | Q24: =IF(G24="","",G24/H24) -> 1.2918288 | S24: 2
A25: 0.91666667 | B25: =IF(C25="","",100-(C25+D25+E25)) -> 87.9 | C25: 9 | D25: 2 | E25: 1.1 | F25: 13.31 | G25: 3.26 | H25: 2.56 | I25: 40.63 | J25: 2.78 | K25: 0.16 | L25: 0.08 | M25: 0.3 | N25: 0.05 | O25: =IF(F25="","",100*I25/(2.8*F25+1.18*G25+0.65*H25)) -> 94.976951 | P25: =IF(F25="","",F25/(G25+H25)) -> 2.2869416 | Q25: =IF(G25="","",G25/H25) -> 1.2734375 | R25: 11.07 | S25: 2
A26: 0.95833333 | B26: =IF(C26="","",100-(C26+D26+E26)) -> 87.9 | C26: 9 | D26: 2 | E26: 1.1 | F26: 13.66 | G26: 3.17 | H26: 2.53 | I26: 40.08 | J26: 2.83 | K26: 0.16 | L26: 0.08 | M26: 0.29 | N26: 0.06 | O26: =IF(F26="","",100*I26/(2.8*F26+1.18*G26+0.65*H26)) -> 91.85687 | P26: =IF(F26="","",F26/(G26+H26)) -> 2.3964912 | Q26: =IF(G26="","",G26/H26) -> 1.2529644 | S26: 1
A27: 1 | B27: =IF(C27="","",100-(C27+D27+E27)) -> 88.1 | C27: 8.4 | D27: 2.4 | E27: 1.1 | F27: 13.19 | G27: 3.29 | H27: 2.49 | I27: 40.71 | J27: 2.76 | K27: 0.17 | L27: 0.08 | M27: 0.3 | N27: 0.06 | O27: =IF(F27="","",100*I27/(2.8*F27+1.18*G27+0.65*H27)) -> 95.940159 | P27: =IF(F27="","",F27/(G27+H27)) -> 2.2820069 | Q27: =IF(G27="","",G27/H27) -> 1.3212851 | R27: 9.72 | S27: 1
A28: Avg | B28: =AVERAGE(B4:B27) -> 87.9375 | C28: =AVERAGE(C4:C27) -> 10.441667 | D28: =AVERAGE(D4:D27) -> 1.1666667 | E28: =AVERAGE(E4:E27) -> 0.45416667 | F28: =AVERAGE(F4:F27) -> 13.407391 | G28: =AVERAGE(G4:G27) -> 3.3 | H28: =AVERAGE(H4:H27) -> 2.4847826 | I28: =AVERAGE(I4:I27) -> 40.700435 | ... N28: =AVERAGE(N4:N27) -> 0.055217391 | O28: =I28/(2.8*F28+1.18*G28+0.65*H28)*100 -> 94.542671 | P28: =F28/(G28+H28) -> 2.3177001 | Q28: =G28/H28 -> 1.328084 | R28: =AVERAGE(R4:R27) -> 10.169167
A29: Min | B29: =MIN(B4:B27) -> 87.5 | C29: =MIN(C4:C27) -> 8.4 | D29: =MIN(D4:D27) -> 0.4 | E29: =MIN(E4:E27) -> 0 | F29: =MIN(F4:F27) -> 13.1 | G29: =MIN(G4:G27) -> 3.1 | H29: =MIN(H4:H27) -> 2.24 | I29: =MIN(I4:I27) -> 40.08 | ... R29: =MIN(R4:R27) -> 8.23
A30: Max | B30: =MAX(B4:B27) -> 89.2 | C30: =MAX(C4:C27) -> 12.1 | D30: =MAX(D4:D27) -> 2.4 | E30: =MAX(E4:E27) -> 1.1 | F30: =MAX(F4:F27) -> 13.91 | G30: =MAX(G4:G27) -> 3.46 | H30: =MAX(H4:H27) -> 2.61 | I30: =MAX(I4:I27) -> 41.07 | ... R30: =MAX(R4:R27) -> 11.74
A31: SD | B31: =STDEV(B4:B27) -> 0.48527222 | C31: =STDEV(C4:C27) -> 1.4966387 | D31: =STDEV(D4:D27) -> 0.76537383 | E31: =STDEV(E4:E27) -> 0.50903076 | F31: =STDEV(F4:F27) -> 0.21509443 | G31: =STDEV(G4:G27) -> 0.10291214 | H31: =STDEV(H4:H27) -> 0.12105106 | I31: =STDEV(I4:I27) -> 0.1944334 | ... R31: =STDEV(R4:R27) -> 1.0563871

Sheet Kiln Feed
A1: Time | B1: CHEMICAL ANALYSIS (%) | K1: MODULIE | N1: Residue 90 µ (%) | O1: Silo Extraction | Q1: Calci. | R1: SO3 | T1: LOI Kiln Feed | U1: LOI Hot Meal | V1: % of Cal
B2: SiO2 | C2: Al2O3 | D2: Fe2O3 | E2: CaO | F2: MgO | G2: SO3 | H2: Na2O | I2: K2O | J2: CL | K2: LSF | L2: SM | M2: AM | O2: 1 | P2: 2 | Q2: PC 1 | R2: PC 1
A3: ='Raw Mill'!A4 -> 0.041666667 | B3: 13.13 | C3: 3.34 | D3: 2.52 | E3: 40.93 | F3: 2.55 | G3: 0.11 | H3: 0.08 | I3: 0.3 | J3: 0.06 | K3: =IF(B3="","",100*E3/(2.8*B3+1.18*C3+0.65*D3)) -> 96.66251 | L3: =IF(B3="","",B3/(C3+D3)) -> 2.2406143 | M3: =IF(C3="","",C3/D3) -> 1.3253968 | N3: 10.1 | O3: 0.5 | P3: 0.5
A4: ='Raw Mill'!A5 -> 0.083333333
A5: ='Raw Mill'!A6 -> 0.125 | B5: 13.16 | C5: 3.33 | D5: 2.53 | E5: 40.87 | F5: 2.55 | G5: 0.11 | H5: 0.08 | I5: 0.3 | J5: 0.06 | K5: =IF(B5="","",100*E5/(2.8*B5+1.18*C5+0.65*D5)) -> 96.341748 | L5: =IF(B5="","",B5/(C5+D5)) -> 2.2457338 | M5: =IF(C5="","",C5/D5) -> 1.3162055 | N5: 9.86 | O5: 0.5 | P5: 0.5 | Q5: 95.05 | R5: 2.35 | T5: 36.52 | U5: 2.77 | V5: =((T5-U5)/T5)/((100-U5))*10000 -> 95.047943
A6: ='Raw Mill'!A7 -> 0.16666667
A7: ='Raw Mill'!A8 -> 0.20833333 | B7: 13.08 | C7: 3.34 | D7: 2.53 | E7: 40.87 | F7: 2.54 | G7: 0.11 | H7: 0.08 | I7: 0.3 | J7: 0.06 | K7: =IF(B7="","",100*E7/(2.8*B7+1.18*C7+0.65*D7)) -> 96.826085 | L7: =IF(B7="","",B7/(C7+D7)) -> 2.2282794 | M7: =IF(C7="","",C7/D7) -> 1.3201581 | N7: 10.12 | O7: 0.5 | P7: 0.5
A8: ='Raw Mill'!A9 -> 0.25
A9: ='Raw Mill'!A10 -> 0.29166667 | B9: 13.22 | C9: 3.35 | D9: 2.52 | E9: 40.91 | F9: 2.55 | G9: 0.11 | H9: 0.08 | I9: 0.3 | J9: 0.06 | K9: =IF(B9="","",100*E9/(2.8*B9+1.18*C9+0.65*D9)) -> 96.017086 | L9: =IF(B9="","",B9/(C9+D9)) -> 2.2521295 | M9: =IF(C9="","",C9/D9) -> 1.3293651 | N9: 9.92 | O9: 0.5 | P9: 0.5
A10: ='Raw Mill'!A11 -> 0.33333333
A11: ='Raw Mill'!A12 -> 0.375 | B11: 13.16 | C11: 3.37 | D11: 2.51 | E11: 40.97 | F11: 2.56 | G11: 0.12 | H11: 0.08 | I11: 0.31 | J11: 0.06 | K11: =IF(B11="","",100*E11/(2.8*B11+1.18*C11+0.65*D11)) -> 96.499678 | L11: =IF(B11="","",B11/(C11+D11)) -> 2.2380952 | M11: =IF(C11="","",C11/D11) -> 1.3426295 | N11: 9.73 | O11: 0.5 | P11: 0.5 | Q11: 96.77 | R11: 2.3 | T11: 36.69 | U11: 1.84 | V11: =((T11-U11)/T11)/((100-U11))*10000 -> 96.765495
A12: ='Raw Mill'!A13 -> 0.41666667
A13: ='Raw Mill'!A14 -> 0.45833333 | B13: 13.21 | C13: 3.35 | D13: 2.51 | E13: 41.01 | F13: 2.58 | G13: 0.11 | H13: 0.08 | I13: 0.3 | J13: 0.06 | K13: =IF(B13="","",100*E13/(2.8*B13+1.18*C13+0.65*D13)) -> 96.32979 | L13: =IF(B13="","",B13/(C13+D13)) -> 2.2542662 | M13: =IF(C13="","",C13/D13) -> 1.3346614 | N13: 9.81 | O13: 0.5 | P13: 0.5
A14: ='Raw Mill'!A15 -> 0.5
A15: ='Raw Mill'!A16 -> 0.54166667 | B15: 13.14 | C15: 3.36 | D15: 2.49 | E15: 40.93 | F15: 2.5 | G15: 0.12 | H15: 0.08 | I15: 0.31 | J15: 0.06 | K15: =IF(B15="","",100*E15/(2.8*B15+1.18*C15+0.65*D15)) -> 96.589287 | L15: =IF(B15="","",B15/(C15+D15)) -> 2.2461538 | M15: =IF(C15="","",C15/D15) -> 1.3493976 | N15: 9.7 | O15: 0.5 | P15: 0.5
A16: ='Raw Mill'!A17 -> 0.58333333
A17: ='Raw Mill'!A18 -> 0.625 | B17: 13.24 | C17: 3.34 | D17: 2.47 | E17: 40.89 | F17: 2.51 | G17: 0.12 | H17: 0.08 | I17: 0.31 | J17: 0.06 | K17: =IF(B17="","",100*E17/(2.8*B17+1.18*C17+0.65*D17)) -> 95.943799 | L17: =IF(B17="","",B17/(C17+D17)) -> 2.2788296 | M17: =IF(C17="","",C17/D17) -> 1.3522267 | N17: 10.97 | O17: 0.5 | P17: 0.5
A18: ='Raw Mill'!A19 -> 0.66666667
A19: ='Raw Mill'!A20 -> 0.70833333 | B19: 13.3 | C19: 3.3 | D19: 2.46 | E19: 41.04 | F19: 2.58 | G19: 0.12 | H19: 0.08 | I19: 0.31 | J19: 0.06 | K19: =IF(B19="","",100*E19/(2.8*B19+1.18*C19+0.65*D19)) -> 96.038191 | L19: =IF(B19="","",B19/(C19+D19)) -> 2.3090278 | M19: =IF(C19="","",C19/D19) -> 1.3414634 | N19: 9.63 | O19: 0.5 | P19: 0.5
A20: ='Raw Mill'!A21 -> 0.75
A21: ='Raw Mill'!A22 -> 0.79166667 | B21: 13.29 | C21: 3.29 | D21: 2.49 | E21: 40.84 | F21: 2.59 | G21: 0.14 | H21: 0.08 | I21: 0.3 | J21: 0.06 | K21: =IF(B21="","",100*E21/(2.8*B21+1.18*C21+0.65*D21)) -> 95.61559 | L21: =IF(B21="","",B21/(C21+D21)) -> 2.299308 | M21: =IF(C21="","",C21/D21) -> 1.3212851 | N21: 9.24 | O21: 0.5 | P21: 0.5 | Q21: 96.45 | R21: 2.28 | T21: 36.52 | U21: 2 | V21: =((T21-U21)/T21)/((100-U21))*10000 -> 96.452601
A22: ='Raw Mill'!A23 -> 0.83333333
A23: ='Raw Mill'!A24 -> 0.875 | B23: 13.17 | C23: 3.32 | D23: 2.51 | E23: 40.85 | F23: 2.61 | G23: 0.14 | H23: 0.09 | I23: 0.31 | J23: 0.06 | K23: =IF(B23="","",100*E23/(2.8*B23+1.18*C23+0.65*D23)) -> 96.287339 | L23: =IF(B23="","",B23/(C23+D23)) -> 2.2590051 | M23: =IF(C23="","",C23/D23) -> 1.3227092 | N23: 10.57 | O23: 0.5 | P23: 0.5
A24: ='Raw Mill'!A25 -> 0.91666667
A25: ='Raw Mill'!A26 -> 0.95833333 | B25: 13.26 | C25: 3.33 | D25: 2.5 | E25: 40.96 | F25: 2.55 | G25: 0.12 | H25: 0.08 | I25: 0.3 | J25: 0.06 | K25: =IF(B25="","",100*E25/(2.8*B25+1.18*C25+0.65*D25)) -> 95.964613 | L25: =IF(B25="","",B25/(C25+D25)) -> 2.2744425 | M25: =IF(C25="","",C25/D25) -> 1.332 | N25: 9.44 | O25: 0.5 | P25: 0.5
A26: ='Raw Mill'!A27 -> 1
A27: Avg | B27: =AVERAGE(B3:B26) -> 13.196667 | C27: =AVERAGE(C3:C26) -> 3.335 | D27: =AVERAGE(D3:D26) -> 2.5033333 | E27: =AVERAGE(E3:E26) -> 40.9225 | F27: =AVERAGE(F3:F26) -> 2.5558333 | G27: =AVERAGE(G3:G26) -> 0.11916667 | H27: =AVERAGE(H3:H26) -> 0.080833333 | I27: =AVERAGE(I3:I26) -> 0.30416667 | J27: =AVERAGE(J3:J26) -> 0.06 | K27: =E27/(2.8*B27+1.18*C27+0.65*D27)*100 -> 96.25849 | L27: =B27/(C27+D27) -> 2.2603483 | M27: =C27/D27 -> 1.3322237 | N27: =AVERAGE(N3:N26) -> 9.9241667 | Q27: =AVERAGE(Q3:Q26) -> 96.09 | R27: =AVERAGE(R3:R26) -> 2.31 | T27: =AVERAGE(T3:T26) -> 36.576667 | U27: =AVERAGE(U3:U26) -> 2.2033333 | V27: =AVERAGE(V3:V26) -> 96.088679
A28: Min | B28: =MIN(B3:B26) -> 13.08 | C28: =MIN(C3:C26) -> 3.29 | D28: =MIN(D3:D26) -> 2.46 | E28: =MIN(E3:E26) -> 40.84 | F28: =MIN(F3:F26) -> 2.5 | G28: =MIN(G3:G26) -> 0.11 | H28: =MIN(H3:H26) -> 0.08 | I28: =MIN(I3:I26) -> 0.3 | ... N28: =MIN(N3:N26) -> 9.24 | Q28: =MIN(Q3:Q26) -> 95.05 | R28: =MIN(R3:R26) -> 2.28 | T28: =MIN(T3:T26) -> 36.52 | U28: =MIN(U3:U26) -> 1.84 | V28: =MIN(V3:V26) -> 95.047943
A29: Max | B29: =MAX(B3:B26) -> 13.3 | C29: =MAX(C3:C26) -> 3.37 | D29: =MAX(D3:D26) -> 2.53 | E29: =MAX(E3:E26) -> 41.04 | F29: =MAX(F3:F26) -> 2.61 | G29: =MAX(G3:G26) -> 0.14 | H29: =MAX(H3:H26) -> 0.09 | I29: =MAX(I3:I26) -> 0.31 | ... N29: =MAX(N3:N26) -> 10.97 | Q29: =MAX(Q3:Q26) -> 96.77 | R29: =MAX(R3:R26) -> 2.35 | T29: =MAX(T3:T26) -> 36.69 | U29: =MAX(U3:U26) -> 2.77 | V29: =MAX(V3:V26) -> 96.765495
A30: SD | B30: =STDEV(B3:B26) -> 0.067867965 | C30: =STDEV(C3:C26) -> 0.023159526 | D30: =STDEV(D3:D26) -> 0.022292817 | E30: =STDEV(E3:E26) -> 0.063263518 | F30: =STDEV(F3:F26) -> 0.031466673 | G30: =STDEV(G3:G26) -> 0.010836247 | H30: =STDEV(H3:H26) -> 0.0028867513 | I30: =STDEV(I3:I26) -> 0.0051492865 | ... N30: =STDEV(N3:N26) -> 0.47427377 | Q30: =STDEV(Q3:Q26) -> 0.91476773 | R30: =STDEV(R3:R26) -> 0.036055513 | T30: =STDEV(T3:T26) -> 0.098149546 | U30: =STDEV(U3:U26) -> 0.49722564 | V30: =STDEV(V3:V26) -> 0.91478135

Sheet Clinker
A1: Time | B1: Liter Weight (gm/ltr) | C1: F CaO % | D1: CHEMICAL ANALYSIS (%) | M1: Total Alkalies as Na2O | N1: Total | O1: MODULIE | R1: PHASE COMPOSITION (%) | W1: Clinker Silo # | X1: Remarks | Z1: C3S (Without Free CaO)
D2: SiO2 | E2: Al2O3 | F2: Fe2O3 | G2: CaO | H2: MgO | I2: SO3 | J2: Na2O | K2: K2O | L2: CL | O2: LSF | P2: SM | Q2: AM | R2: C3S | S2: C2S | T2: C3A | U2: C4AF | V2: Liquid
A3: Target | B3: 1200 Min | C3: 1.80 Avg | H3: 4.80 Max | O3: 93.00 + 1.00 | P3: 2.35 + 0.05 | Q3: 1.30 + 0.10 | R3: 55.50 + 1.00 | T3: 7.25+ 0.50
A4: ='Raw Mill'!A4 -> 0.041666667 | B4: 1314 | O4: =IF(D4="","",100*(G4-0.7*I4)/(2.8*D4+1.18*E4+0.65*F4)) | P4: =IF(D4="","",D4/(E4+F4)) | Q4: =IF(E4="","",E4/F4) | R4: =IF(D4="","",4.07*G4-7.6*D4-6.72*E4-1.43*F4-2.852*I4) | S4: =IF(D4="","",2.87*D4-0.7544*R4) | T4: =IF(E4="","",2.65*E4-1.692*F4) | U4: =IF(F4="","",3.043*F4) | V4: =IF(T4="","",(1.13*T4)+(1.35*U4)+H4+M4) | W4: UB M
A5: ='Raw Mill'!A5 -> 0.083333333 | B5: 1336 | C5: 1.76 | D5: 20.96 | E5: 5.34 | F5: 3.88 | G5: 63.5 | H5: 4.08 | I5: 0.86 | J5: 0.14 | K5: 0.45 | L5: 0.02 | M5: =IF(K5=0,"",(0.658*K5+J5)) -> 0.4361 | N5: =IF(D5="","",SUM(D5:L5)) -> 99.23 | O5: =IF(D5="","",100*(G5-0.7*I5)/(2.8*D5+1.18*E5+0.65*F5)) -> 93.166763 | P5: =IF(D5="","",D5/(E5+F5)) -> 2.2733189 | Q5: =IF(E5="","",E5/F5) -> 1.3762887 | R5: =IF(D5="","",4.07*G5-7.6*D5-6.72*E5-1.43*F5-2.852*I5) -> 55.26308 | S5: =IF(D5="","",2.87*D5-0.7544*R5) -> 18.464732 | T5: =IF(E5="","",2.65*E5-1.692*F5) -> 7.58604 | U5: =IF(F5="","",3.043*F5) -> 11.80684 | V5: =IF(T5="","",(1.13*T5)+(1.35*U5)+H5+M5) -> 29.027559 | W5: UB M | X5: CL Temp 168 | Z5: =IF(B5="","",4.07*(G5-C5)-7.6*D5-6.72*E5-1.43*F5-2.852*I5) -> 48.09988
A6: ='Raw Mill'!A6 -> 0.125 | B6: 1286 | N6: =IF(D6="","",SUM(D6:L6)) | R6: =IF(D6="","",4.07*G6-7.6*D6-6.72*E6-1.43*F6-2.852*I6) | V6: =IF(T6="","",(1.13*T6)+(1.35*U6)+H6+M6)
A7: ='Raw Mill'!A7 -> 0.16666667 | B7: 1306 | C7: 1.84 | D7: 21.14 | E7: 5.29 | F7: 3.91 | G7: 63.76 | H7: 4.06 | I7: 0.78 | J7: 0.14 | K7: 0.45 | L7: 0.01 | M7: =IF(K7=0,"",(0.658*K7+J7)) -> 0.4361 | N7: =IF(D7="","",SUM(D7:L7)) -> 99.54 | O7: =IF(D7="","",100*(G7-0.7*I7)/(2.8*D7+1.18*E7+0.65*F7)) -> 92.994997 | P7: =IF(D7="","",D7/(E7+F7)) -> 2.2978261 | Q7: =IF(E7="","",E7/F7) -> 1.3529412 | R7: =IF(D7="","",4.07*G7-7.6*D7-6.72*E7-1.43*F7-2.852*I7) -> 55.47454 | S7: =IF(D7="","",2.87*D7-0.7544*R7) -> 18.821807 | T7: =IF(E7="","",2.65*E7-1.692*F7) -> 7.40278 | U7: =IF(F7="","",3.043*F7) -> 11.89813 | V7: =IF(T7="","",(1.13*T7)+(1.35*U7)+H7+M7) -> 28.923717 | W7: UB M | Z7: =IF(B7="","",4.07*(G7-C7)-7.6*D7-6.72*E7-1.43*F7-2.852*I7) -> 47.98574
A8: ='Raw Mill'!A8 -> 0.20833333 | B8: 1324 | R8: =IF(D8="","",4.07*G8-7.6*D8-6.72*E8-1.43*F8-2.852*I8) | V8: =IF(T8="","",(1.13*T8)+(1.35*U8)+H8+M8)
A9: ='Raw Mill'!A9 -> 0.25 | B9: 1312 | C9: 1.76 | D9: 21.12 | E9: 5.32 | F9: 3.87 | G9: 63.82 | H9: 4.09 | I9: 0.78 | J9: 0.14 | K9: 0.44 | L9: 0.01 | M9: =IF(K9=0,"",(0.658*K9+J9)) -> 0.42952 | N9: =IF(D9="","",SUM(D9:L9)) -> 99.59 | O9: =IF(D9="","",100*(G9-0.7*I9)/(2.8*D9+1.18*E9+0.65*F9)) -> 93.14712 | P9: =IF(D9="","",D9/(E9+F9)) -> 2.2981502 | Q9: =IF(E9="","",E9/F9) -> 1.374677 | R9: =IF(D9="","",4.07*G9-7.6*D9-6.72*E9-1.43*F9-2.852*I9) -> 55.72634 | S9: =IF(D9="","",2.87*D9-0.7544*R9) -> 18.574449 | T9: =IF(E9="","",2.65*E9-1.692*F9) -> 7.54996 | U9: =IF(F9="","",3.043*F9) -> 11.77641 | V9: =IF(T9="","",(1.13*T9)+(1.35*U9)+H9+M9) -> 28.949128 | W9: 2 | Z9: =IF(B9="","",4.07*(G9-C9)-7.6*D9-6.72*E9-1.43*F9-2.852*I9) -> 48.56314
A10: ='Raw Mill'!A10 -> 0.29166667 | B10: 1300 | N10: =IF(D10="","",SUM(D10:L10)) | R10: =IF(D10="","",4.07*G10-7.6*D10-6.72*E10-1.43*F10-2.852*I10) | V10: =IF(T10="","",(1.13*T10)+(1.35*U10)+H10+M10)
A11: ='Raw Mill'!A11 -> 0.33333333 | B11: 1280 | C11: 1.68 | D11: 21.05 | E11: 5.19 | F11: 3.87 | G11: 63.35 | H11: 4.03 | I11: 0.78 | J11: 0.14 | K11: 0.43 | L11: 0.01 | M11: =IF(K11=0,"",(0.658*K11+J11)) -> 0.42294 | N11: =IF(D11="","",SUM(D11:L11)) -> 98.85 | O11: =IF(D11="","",100*(G11-0.7*I11)/(2.8*D11+1.18*E11+0.65*F11)) -> 92.933233 | P11: =IF(D11="","",D11/(E11+F11)) -> 2.3233996 | Q11: =IF(E11="","",E11/F11) -> 1.3410853 | R11: =IF(D11="","",4.07*G11-7.6*D11-6.72*E11-1.43*F11-2.852*I11) -> 55.21904 | S11: =IF(D11="","",2.87*D11-0.7544*R11) -> 18.756256 | T11: =IF(E11="","",2.65*E11-1.692*F11) -> 7.20546 | U11: =IF(F11="","",3.043*F11) -> 11.77641 | V11: =IF(T11="","",(1.13*T11)+(1.35*U11)+H11+M11) -> 28.493263 | W11: UB M | Z11: =IF(B11="","",4.07*(G11-C11)-7.6*D11-6.72*E11-1.43*F11-2.852*I11) -> 48.38144
A12: ='Raw Mill'!A12 -> 0.375 | B12: 1296 | N12: =IF(D12="","",SUM(D12:L12)) | R12: =IF(D12="","",4.07*G12-7.6*D12-6.72*E12-1.43*F12-2.852*I12) | V12: =IF(T12="","",(1.13*T12)+(1.35*U12)+H12+M12)
A13: ='Raw Mill'!A13 -> 0.41666667 | B13: 1310 | C13: 1.6 | D13: 21 | E13: 5.32 | F13: 3.89 | G13: 63.3 | H13: 4.11 | I13: 0.88 | J13: 0.14 | K13: 0.47 | L13: 0.02 | M13: =IF(K13=0,"",(0.658*K13+J13)) -> 0.44926 | N13: =IF(D13="","",SUM(D13:L13)) -> 99.13 | O13: =IF(D13="","",100*(G13-0.7*I13)/(2.8*D13+1.18*E13+0.65*F13)) -> 92.719444 | P13: =IF(D13="","",D13/(E13+F13)) -> 2.2801303 | Q13: =IF(E13="","",E13/F13) -> 1.3676093 | R13: =IF(D13="","",4.07*G13-7.6*D13-6.72*E13-1.43*F13-2.852*I13) -> 54.20814 | S13: =IF(D13="","",2.87*D13-0.7544*R13) -> 19.375379 | T13: =IF(E13="","",2.65*E13-1.692*F13) -> 7.51612 | U13: =IF(F13="","",3.043*F13) -> 11.83727 | V13: =IF(T13="","",(1.13*T13)+(1.35*U13)+H13+M13) -> 29.03279 | W13: 1 | Z13: =IF(B13="","",4.07*(G13-C13)-7.6*D13-6.72*E13-1.43*F13-2.852*I13) -> 47.69614
A14: ='Raw Mill'!A14 -> 0.45833333 | B14: 1284 | N14: =IF(D14="","",SUM(D14:L14)) | R14: =IF(D14="","",4.07*G14-7.6*D14-6.72*E14-1.43*F14-2.852*I14) | V14: =IF(T14="","",(1.13*T14)+(1.35*U14)+H14+M14)
A15: ='Raw Mill'!A15 -> 0.5 | B15: 1270 | C15: 1.68 | D15: 21.11 | E15: 5.24 | F15: 3.81 | G15: 63.53 | H15: 4.08 | I15: 0.81 | J15: 0.14 | K15: 0.45 | L15: 0.02 | M15: =IF(K15=0,"",(0.658*K15+J15)) -> 0.4361 | N15: =IF(D15="","",SUM(D15:L15)) -> 99.19 | O15: =IF(D15="","",100*(G15-0.7*I15)/(2.8*D15+1.18*E15+0.65*F15)) -> 92.910044 | P15: =IF(D15="","",D15/(E15+F15)) -> 2.3325967 | Q15: =IF(E15="","",E15/F15) -> 1.3753281 | R15: =IF(D15="","",4.07*G15-7.6*D15-6.72*E15-1.43*F15-2.852*I15) -> 55.15988 | S15: =IF(D15="","",2.87*D15-0.7544*R15) -> 18.973087 | T15: =IF(E15="","",2.65*E15-1.692*F15) -> 7.43948 | U15: =IF(F15="","",3.043*F15) -> 11.59383 | V15: =IF(T15="","",(1.13*T15)+(1.35*U15)+H15+M15) -> 28.574383 | W15: 1 | Z15: =IF(B15="","",4.07*(G15-C15)-7.6*D15-6.72*E15-1.43*F15-2.852*I15) -> 48.32228
A16: ='Raw Mill'!A16 -> 0.54166667 | B16: 1258 | N16: =IF(D16="","",SUM(D16:L16)) | R16: =IF(D16="","",4.07*G16-7.6*D16-6.72*E16-1.43*F16-2.852*I16) | V16: =IF(T16="","",(1.13*T16)+(1.35*U16)+H16+M16)
A17: ='Raw Mill'!A17 -> 0.58333333 | B17: 1292 | C17: 1.76 | D17: 21.16 | E17: 5.2 | F17: 3.73 | G17: 63.41 | H17: 4.01 | I17: 0.81 | J17: 0.14 | K17: 0.44 | L17: 0.01 | M17: =IF(K17=0,"",(0.658*K17+J17)) -> 0.42952 | N17: =IF(D17="","",SUM(D17:L17)) -> 98.91 | O17: =IF(D17="","",100*(G17-0.7*I17)/(2.8*D17+1.18*E17+0.65*F17)) -> 92.677172 | P17: =IF(D17="","",D17/(E17+F17)) -> 2.3695409 | Q17: =IF(E17="","",E17/F17) -> 1.3941019 | R17: =IF(D17="","",4.07*G17-7.6*D17-6.72*E17-1.43*F17-2.852*I17) -> 54.67468 | S17: =IF(D17="","",2.87*D17-0.7544*R17) -> 19.482621 | T17: =IF(E17="","",2.65*E17-1.692*F17) -> 7.46884 | U17: =IF(F17="","",3.043*F17) -> 11.35039 | V17: =IF(T17="","",(1.13*T17)+(1.35*U17)+H17+M17) -> 28.202336 | W17: 1 | Z17: =IF(B17="","",4.07*(G17-C17)-7.6*D17-6.72*E17-1.43*F17-2.852*I17) -> 47.51148
A18: ='Raw Mill'!A18 -> 0.625 | B18: 1308 | N18: =IF(D18="","",SUM(D18:L18)) | R18: =IF(D18="","",4.07*G18-7.6*D18-6.72*E18-1.43*F18-2.852*I18) | V18: =IF(T18="","",(1.13*T18)+(1.35*U18)+H18+M18)
A19: ='Raw Mill'!A19 -> 0.66666667 | B19: 1390 | C19: 1.84 | D19: 21.2 | E19: 5.21 | F19: 3.79 | G19: 63.65 | H19: 4.06 | I19: 0.77 | J19: 0.14 | K19: 0.43 | L19: 0.01 | M19: =IF(K19=0,"",(0.658*K19+J19)) -> 0.42294 | N19: =IF(D19="","",SUM(D19:L19)) -> 99.26 | O19: =IF(D19="","",100*(G19-0.7*I19)/(2.8*D19+1.18*E19+0.65*F19)) -> 92.849482 | P19: =IF(D19="","",D19/(E19+F19)) -> 2.3555556 | Q19: =IF(E19="","",E19/F19) -> 1.3746702 | R19: =IF(D19="","",4.07*G19-7.6*D19-6.72*E19-1.43*F19-2.852*I19) -> 55.30856 | S19: =IF(D19="","",2.87*D19-0.7544*R19) -> 19.119222 | T19: =IF(E19="","",2.65*E19-1.692*F19) -> 7.39382 | U19: =IF(F19="","",3.043*F19) -> 11.53297 | V19: =IF(T19="","",(1.13*T19)+(1.35*U19)+H19+M19) -> 28.407466 | W19: 1 | X19: CL Temp 78 | Z19: =IF(B19="","",4.07*(G19-C19)-7.6*D19-6.72*E19-1.43*F19-2.852*I19) -> 47.81976
A20: ='Raw Mill'!A20 -> 0.70833333 | B20: 1356 | N20: =IF(D20="","",SUM(D20:L20)) | R20: =IF(D20="","",4.07*G20-7.6*D20-6.72*E20-1.43*F20-2.852*I20) | V20: =IF(T20="","",(1.13*T20)+(1.35*U20)+H20+M20)
A21: ='Raw Mill'!A21 -> 0.75 | B21: 1358 | C21: 1.76 | D21: 21.34 | E21: 5.26 | F21: 3.83 | G21: 63.75 | H21: 4.06 | I21: 0.85 | J21: 0.14 | K21: 0.47 | L21: 0.03 | M21: =IF(K21=0,"",(0.658*K21+J21)) -> 0.44926 | N21: =IF(D21="","",SUM(D21:L21)) -> 99.73 | O21: =IF(D21="","",100*(G21-0.7*I21)/(2.8*D21+1.18*E21+0.65*F21)) -> 92.266718 | P21: =IF(D21="","",D21/(E21+F21)) -> 2.3476348 | Q21: =IF(E21="","",E21/F21) -> 1.3733681 | R21: =IF(D21="","",4.07*G21-7.6*D21-6.72*E21-1.43*F21-2.852*I21) -> 54.0302 | S21: =IF(D21="","",2.87*D21-0.7544*R21) -> 20.485417 | T21: =IF(E21="","",2.65*E21-1.692*F21) -> 7.45864 | U21: =IF(F21="","",3.043*F21) -> 11.65469 | V21: =IF(T21="","",(1.13*T21)+(1.35*U21)+H21+M21) -> 28.671355 | W21: 1 | Z21: =IF(B21="","",4.07*(G21-C21)-7.6*D21-6.72*E21-1.43*F21-2.852*I21) -> 46.867
A22: ='Raw Mill'!A22 -> 0.79166667 | B22: 1310 | N22: =IF(D22="","",SUM(D22:L22)) | R22: =IF(D22="","",4.07*G22-7.6*D22-6.72*E22-1.43*F22-2.852*I22) | V22: =IF(T22="","",(1.13*T22)+(1.35*U22)+H22+M22)
A23: ='Raw Mill'!A23 -> 0.83333333 | B23: 1342 | C23: 1.68 | D23: 21.3 | E23: 5.17 | F23: 3.76 | G23: 63.55 | H23: 4.09 | I23: 0.8 | J23: 0.14 | K23: 0.45 | L23: 0.02 | M23: =IF(K23=0,"",(0.658*K23+J23)) -> 0.4361 | N23: =IF(D23="","",SUM(D23:L23)) -> 99.28 | O23: =IF(D23="","",100*(G23-0.7*I23)/(2.8*D23+1.18*E23+0.65*F23)) -> 92.381564 | P23: =IF(D23="","",D23/(E23+F23)) -> 2.3852184 | Q23: =IF(E23="","",E23/F23) -> 1.375 | R23: =IF(D23="","",4.07*G23-7.6*D23-6.72*E23-1.43*F23-2.852*I23) -> 54.3677 | S23: =IF(D23="","",2.87*D23-0.7544*R23) -> 20.116007 | T23: =IF(E23="","",2.65*E23-1.692*F23) -> 7.33858 | U23: =IF(F23="","",3.043*F23) -> 11.44168 | V23: =IF(T23="","",(1.13*T23)+(1.35*U23)+H23+M23) -> 28.264963 | W23: 1 | Z23: =IF(B23="","",4.07*(G23-C23)-7.6*D23-6.72*E23-1.43*F23-2.852*I23) -> 47.5301
A24: ='Raw Mill'!A24 -> 0.875 | B24: 1386 | N24: =IF(D24="","",SUM(D24:L24)) | R24: =IF(D24="","",4.07*G24-7.6*D24-6.72*E24-1.43*F24-2.852*I24) | V24: =IF(T24="","",(1.13*T24)+(1.35*U24)+H24+M24)
A25: ='Raw Mill'!A25 -> 0.91666667 | B25: 1400 | C25: 1.76 | D25: 21.25 | E25: 5.32 | F25: 3.9 | G25: 63.85 | H25: 4.2 | I25: 0.84 | J25: 0.14 | K25: 0.45 | L25: 0.02 | M25: =IF(K25=0,"",(0.658*K25+J25)) -> 0.4361 | N25: =IF(D25="","",SUM(D25:L25)) -> 99.97 | O25: =IF(D25="","",100*(G25-0.7*I25)/(2.8*D25+1.18*E25+0.65*F25)) -> 92.606635 | P25: =IF(D25="","",D25/(E25+F25)) -> 2.3047722 | Q25: =IF(E25="","",E25/F25) -> 1.3641026 | R25: =IF(D25="","",4.07*G25-7.6*D25-6.72*E25-1.43*F25-2.852*I25) -> 54.64642 | S25: =IF(D25="","",2.87*D25-0.7544*R25) -> 19.762241 | T25: =IF(E25="","",2.65*E25-1.692*F25) -> 7.4992 | U25: =IF(F25="","",3.043*F25) -> 11.8677 | V25: =IF(T25="","",(1.13*T25)+(1.35*U25)+H25+M25) -> 29.131591 | W25: 1 | Z25: =IF(B25="","",4.07*(G25-C25)-7.6*D25-6.72*E25-1.43*F25-2.852*I25) -> 47.48322
A26: ='Raw Mill'!A26 -> 0.95833333 | B26: 1422 | N26: =IF(D26="","",SUM(D26:L26)) | R26: =IF(D26="","",4.07*G26-7.6*D26-6.72*E26-1.43*F26-2.852*I26) | V26: =IF(T26="","",(1.13*T26)+(1.35*U26)+H26+M26)
A27: ='Raw Mill'!A27 -> 1 | B27: 1380 | C27: 1.68 | D27: 21.18 | E27: 5.35 | F27: 3.89 | G27: 63.88 | H27: 4.2 | I27: 0.79 | J27: 0.14 | K27: 0.45 | L27: 0.01 | M27: =IF(K27=0,"",(0.658*K27+J27)) -> 0.4361 | N27: =IF(D27="","",SUM(D27:L27)) -> 99.89 | O27: =IF(D27="","",100*(G27-0.7*I27)/(2.8*D27+1.18*E27+0.65*F27)) -> 92.9291 | P27: =IF(D27="","",D27/(E27+F27)) -> 2.2922078 | Q27: =IF(E27="","",E27/F27) -> 1.3753213 | R27: =IF(D27="","",4.07*G27-7.6*D27-6.72*E27-1.43*F27-2.852*I27) -> 55.25582 | S27: =IF(D27="","",2.87*D27-0.7544*R27) -> 19.101609 | T27: =IF(E27="","",2.65*E27-1.692*F27) -> 7.59562 | U27: =IF(F27="","",3.043*F27) -> 11.83727 | V27: =IF(T27="","",(1.13*T27)+(1.35*U27)+H27+M27) -> 29.199465 | W27: 1 | Z27: =IF(B27="","",4.07*(G27-C27)-7.6*D27-6.72*E27-1.43*F27-2.852*I27) -> 48.41822
A28: Avg | B28: =AVERAGE(B4:B27) -> 1325.8333 | C28: =AVERAGE(C4:C27) -> 1.7333333 | D28: =AVERAGE(D4:D27) -> 21.150833 | E28: =AVERAGE(E4:E27) -> 5.2675 | F28: =AVERAGE(F4:F27) -> 3.8441667 | G28: =AVERAGE(G4:G27) -> 63.6125 | H28: =AVERAGE(H4:H27) -> 4.0891667 | I28: =AVERAGE(I4:I27) -> 0.8125 | ... N28: =AVERAGE(N4:N27) -> 99.380833 | O28: =(G28-0.7*I28)/(2.8*D28+1.18*E28+0.65*F28)*100 -> 92.797792 | P28: =D28/(E28+F28) -> 2.3212914 | Q28: =E28/F28 -> 1.370258 | R28: =4.071*(G28)-7.6*D28-6.718*E28-1.432*F28-2.852*I28 -> 55.010992 | S28: =2.867*D28-0.7544*R28 -> 19.139146 | T28: =2.65*E28-1.692*F28 -> 7.454545 | U28: =3.043*F28 -> 11.697799 | V28: =+(1.13*T28)+(1.35*U28)+H28+M28 -> 28.739835 | Z28: =AVERAGE(Z4:Z27) -> 47.889867
A29: Min | B29: =MIN(B4:B27) -> 1258 | C29: =MIN(C4:C27) -> 1.6 | D29: =MIN(D4:D27) -> 20.96 | E29: =MIN(E4:E27) -> 5.17 | F29: =MIN(F4:F27) -> 3.73 | G29: =MIN(G4:G27) -> 63.3 | H29: =MIN(H4:H27) -> 4.01 | I29: =MIN(I4:I27) -> 0.77 | ... V29: =MIN(V4:V27) -> 28.202336 | Z29: =MIN(Z4:Z27) -> 46.867
A30: Max | B30: =MAX(B4:B27) -> 1422 | C30: =MAX(C4:C27) -> 1.84 | D30: =MAX(D4:D27) -> 21.34 | E30: =MAX(E4:E27) -> 5.35 | F30: =MAX(F4:F27) -> 3.91 | G30: =MAX(G4:G27) -> 63.88 | H30: =MAX(H4:H27) -> 4.2 | I30: =MAX(I4:I27) -> 0.88 | ... V30: =MAX(V4:V27) -> 29.199465 | Z30: =MAX(Z4:Z27) -> 48.56314
A31: SD | B31: =STDEV(B4:B27) -> 44.29905 | C31: =STDEV(C4:C27) -> 0.071010029 | D31: =STDEV(D4:D27) -> 0.11413376 | E31: =STDEV(E4:E27) -> 0.063977979 | F31: =STDEV(F4:F27) -> 0.059307877 | G31: =STDEV(G4:G27) -> 0.20091269 | H31: =STDEV(H4:H27) -> 0.058380933 | I31: =STDEV(I4:I27) -> 0.036462933 | ... V31: =STDEV(V4:V27) -> 0.34754933 | Z31: =STDEV(Z4:Z27) -> 0.49918555

Sheet Cement Mill 1
A1: Time | B1: Feed Rate (%) | F1: Blaine (m2/kg) | G1: Residue 45 µ % | H1: SO3 % | I1: MgO % | J1: LSF | K1: C3S | L1: C3A | M1: Clinker Feeding Ratio (%) | Q1: Cement silo | R1: Cement temp oC | S1: Remarks
B2: Clinker | C2: Gyp | D2: Lst | E2: BP Dust | M2: 1 | N2: 2 | O2: M | P2: Z
A3: Target | F3: 345 + 05 | G3: 11.00 Max | H3: 2.85 + 0.05 | R3: 120 Max
A4: ='Raw Mill'!A4 -> 0.041666667 | R4: 106
A5: ='Raw Mill'!A5 -> 0.083333333 | B5: =IF(C5="","",100-(C5+D5)) -> 90.2 | C5: 5.8 | D5: 4 | F5: 343 | G5: 9.74 | H5: 2.93 | I5: 3.8 | J5: 92.13 | K5: 56.18 | L5: 6.76 | M5: 0.3 | N5: 0.4 | O5: 0.3 | Q5: 3 | R5: 113 | S5: Mill stop at 2:00hrs
A6: ='Raw Mill'!A6 -> 0.125
A7: ='Raw Mill'!A7 -> 0.16666667
A8: ='Raw Mill'!A8 -> 0.20833333
A9: ='Raw Mill'!A9 -> 0.25 | B9: =IF(C9="","",100-(C9+D9))
A10: ='Raw Mill'!A10 -> 0.29166667 | B10: =IF(C10="","",100-(C10+D10))
A11: ='Raw Mill'!A11 -> 0.33333333 | B11: =IF(C11="","",100-(C11+D11))
A12: ='Raw Mill'!A12 -> 0.375 | B12: =IF(C12="","",100-(C12+D12))
A13: ='Raw Mill'!A13 -> 0.41666667 | B13: =IF(C13="","",100-(C13+D13))
A14: ='Raw Mill'!A14 -> 0.45833333 | B14: =IF(C14="","",100-(C14+D14))
A15: ='Raw Mill'!A15 -> 0.5 | B15: =IF(C15="","",100-(C15+D15))
A16: ='Raw Mill'!A16 -> 0.54166667 | B16: =IF(C16="","",100-(C16+D16))
A17: ='Raw Mill'!A17 -> 0.58333333 | B17: =IF(C17="","",100-(C17+D17))
A18: ='Raw Mill'!A18 -> 0.625 | B18: =IF(C18="","",100-(C18+D18))
A19: ='Raw Mill'!A19 -> 0.66666667 | B19: =IF(C19="","",100-(C19+D19))
A20: ='Raw Mill'!A20 -> 0.70833333 | B20: =IF(C20="","",100-(C20+D20))
... A25: ='Raw Mill'!A25 -> 0.91666667 | B25: =IF(C25="","",100-(C25+D25))
A26: ='Raw Mill'!A26 -> 0.95833333 | B26: =IF(C26="","",100-(C26+D26)) | S26: Mill start at 23:40hrs
A27: ='Raw Mill'!A27 -> 1 | B27: =IF(C27="","",100-(C27+D27)) -> 90.2 | C27: 5.8 | D27: 4 | F27: 343 | G27: 9.76 | H27: 2.81 | I27: 3.9 | J27: 91.46 | K27: 55.51 | L27: 7.11 | M27: 0.3 | N27: 0.4 | O27: 0.3 | Q27: 3 | R27: 109
A28: Min | B28: =MIN(B4:B27) -> 90.2 | C28: =MIN(C4:C27) -> 5.8 | D28: =MIN(D4:D27) -> 4 | E28: =MIN(E4:E27) -> 0 | F28: =MIN(F4:F27) -> 343 | G28: =MIN(G4:G27) -> 9.74 | H28: =MIN(H4:H27) -> 2.81 | I28: =MIN(I4:I27) -> 3.8 | ... L28: =MIN(L4:L27) -> 6.76 | R28: =MIN(R4:R27) -> 106
A29: Max | B29: =MAX(B4:B27) -> 90.2 | C29: =MAX(C4:C27) -> 5.8 | D29: =MAX(D4:D27) -> 4 | E29: =MAX(E4:E27) -> 0 | F29: =MAX(F4:F27) -> 343 | G29: =MAX(G4:G27) -> 9.76 | H29: =MAX(H4:H27) -> 2.93 | I29: =MAX(I4:I27) -> 3.9 | ... L29: =MAX(L4:L27) -> 7.11 | R29: =MAX(R4:R27) -> 113
A30: Avg | B30: =AVERAGE(B4:B27) -> 90.2 | C30: =AVERAGE(C4:C27) -> 5.8 | D30: =AVERAGE(D4:D27) -> 4 | E30: =AVERAGE(E4:E27) -> #DIV/0! | F30: =AVERAGE(F4:F27) -> 343 | G30: =AVERAGE(G4:G27) -> 9.75 | H30: =AVERAGE(H4:H27) -> 2.87 | I30: =AVERAGE(I4:I27) -> 3.85 | ... L30: =AVERAGE(L4:L27) -> 6.935 | R30: =AVERAGE(R4:R27) -> 109.33333
A31: SD | B31: =STDEV(B4:B27) -> 0 | C31: =STDEV(C4:C27) -> 0 | D31: =STDEV(D4:D27) -> 0 | E31: =STDEV(E4:E27) -> #DIV/0! | F31: =STDEV(F4:F27) -> 0 | G31: =STDEV(G4:G27) -> 0.014142136 | H31: =STDEV(H4:H27) -> 0.084852814 | I31: =STDEV(I4:I27) -> 0.070710678 | ... L31: =STDEV(L4:L27) -> 0.24748737 | R31: =STDEV(R4:R27) -> 3.5118846
